id,created_at,last_modified,number,type,account_id
1651707389661,1652868260723,1652868260723,AgV4LhWIYvD9zO5eM0uQr9VtIXHJ4l3UVW1RVlabV2U9m60AeAACABVhd3MtY3J5cHRvLXB1YmxpYy1rZXkAREE2Q0lrV2Q2Tk9HcGVLNDNNTUxNcFZSSitBeTM1ZituQlBjREFJOExseU11Y0kzTFBkWEZxcityYUs2NWdtRk1Idz09AAdwdXJwb3NlAA5lbmNyeXB0ZGVjcnlwdAABAAdhd3Mta21zAEthcm46YXdzOmttczp1cy1lYXN0LTI6NDgxMTE4NDQwNTE2OmtleS9lYzE5ODIyZi1jMzliLTRmNjMtOGQyNS0wNTA3OTEzY2Y0MDkAuAECAQB4PtXKCELCe7YD9RklcSwHVKkLYRoWucYIiJj71aoOI9UB8yx8N3HFCMhCKLt/fowtBAAAAH4wfAYJKoZIhvcNAQcGoG8wbQIBADBoBgkqhkiG9w0BBwEwHgYJYIZIAWUDBAEuMBEEDGi2TzA9Q1BPKa452gIBEIA7ZOaUWnX98/nXg/tN87PDyKHSDa3CEqlTzp3g+qtASc2p77EKRUfPNOtZ4hzYdZQzsJeBWCuZpOdyreQCAAAQAKJqahrUKuQP4SNUaxwnLvoOBa0LMfQmz2xRexuChrCcOo1i03o4YDqfoChbQzNyjv////8AAAABAAAAAAAAAAAAAAABAAAAEy996nL5Sk6FXZDywx5+zbnBHhvlVkZmFyUjyPqfLlStQKsQAGcwZQIwKa0FkzcEiFcjo7b6F3zkb4NrbdPP9ZnuvVSw20AEGN5aGd9E5ThBH091Fsrd3625AjEAikeI0dj0wDGoNUTbp7wMAMEB1F9B1IeHwUGMmYuVwXyQDD84dCH3+hsQ1eWucwfD,MASTERCARD,1651707311155
1651707431096,1652868302157,1652868302157,AgV4Hpv14Xhu6la1Nuk9+4eEN2CFYpJXAwJGlsyxtoIfmYQAeAACABVhd3MtY3J5cHRvLXB1YmxpYy1rZXkAREE2Q0lrV2Q2Tk9HcGVLNDNNTUxNcFZSSitBeTM1ZituQlBjREFJOExseU11Y0kzTFBkWEZxcityYUs2NWdtRk1Idz09AAdwdXJwb3NlAA5lbmNyeXB0ZGVjcnlwdAABAAdhd3Mta21zAEthcm46YXdzOmttczp1cy1lYXN0LTI6NDgxMTE4NDQwNTE2OmtleS9lYzE5ODIyZi1jMzliLTRmNjMtOGQyNS0wNTA3OTEzY2Y0MDkAuAECAQB4PtXKCELCe7YD9RklcSwHVKkLYRoWucYIiJj71aoOI9UB8yx8N3HFCMhCKLt/fowtBAAAAH4wfAYJKoZIhvcNAQcGoG8wbQIBADBoBgkqhkiG9w0BBwEwHgYJYIZIAWUDBAEuMBEEDGi2TzA9Q1BPKa452gIBEIA7ZOaUWnX98/nXg/tN87PDyKHSDa3CEqlTzp3g+qtASc2p77EKRUfPNOtZ4hzYdZQzsJeBWCuZpOdyreQCAAAQAGHH+ExGiXtoZ60qDma9+W8gA265GDTWPyMbu/uclmZy9ayVer/GLfHl/nbShDn+6f////8AAAABAAAAAAAAAAAAAAABAAAAE7rnaleE2DPMDEXfQrsZVvZFP9VMIKffrikiXnTZltTsn20mAGcwZQIwRnRYRuGUapb66mW2aGLs6xiHyXFWP4ftDVK9o+RAuu+wr8zSyFUydwKYa8A22w1UAjEA1hEoVRBFfIu0TOgCCnGk+L5HygYnEhA8tfPJ76fdw+YK7+nU6EGAsZltyGjFIzHL,VISA,1651707311155
1651708595999,1652869467060,1652869467060,AgV4QIiV+X4oJc7Cjml8P3kj37cUt22+/HQBTIJhbThTM5MAeAACABVhd3MtY3J5cHRvLXB1YmxpYy1rZXkAREEzZTBNaFdSMVZnbGhpR2kyVTAyTVFvajRJNFpTMnMxdVdpZXY0Q0VPUVk0VS90TldIc1JUU2h2REJJVGRpTmhrZz09AAdwdXJwb3NlAA5lbmNyeXB0ZGVjcnlwdAABAAdhd3Mta21zAEthcm46YXdzOmttczp1cy1lYXN0LTI6NDgxMTE4NDQwNTE2OmtleS9lYzE5ODIyZi1jMzliLTRmNjMtOGQyNS0wNTA3OTEzY2Y0MDkAuAECAQB4PtXKCELCe7YD9RklcSwHVKkLYRoWucYIiJj71aoOI9UBLcrUKVQMy4pYObYfST0AtAAAAH4wfAYJKoZIhvcNAQcGoG8wbQIBADBoBgkqhkiG9w0BBwEwHgYJYIZIAWUDBAEuMBEEDDp+UqV1EleVczCciQIBEIA714eH5/SF4hywf/PFLyOkKh0XMtVmatpLdIBg+zzA/3W5A/owyurDz9s39Ha8nLlaCDGlmxC003Ttk1cCAAAQAEOEwwikMutoT62hURJn5lXwz4NjsCeFKcUuTwINGYw2w7Vjwc7lXW/ej95HclnuYv////8AAAABAAAAAAAAAAAAAAABAAAAE20OS8xhFZgqzSxg5sAeyAToDM7Gg2ToNeL7EMgeqsclwjbkAGcwZQIwchuEzCrksA8Iwb9JQnIqldytKU/loCicwUbt5xlZ35Jzc5X63d/uxyr/h7bJhgd/AjEA8SafxZ15bB3vFuhoxqv3J0IWwOCZEESxNcqM6oip2DTbHbcik42t8+oedl2Anm1x,VISA,1651708497870
1651733977544,1652894848605,1652894848605,AgV48MGl3TOdEqZVaTJUYPgRuwo/cPpzCB4Aany/EkZZfP4AeAACABVhd3MtY3J5cHRvLXB1YmxpYy1rZXkAREE2dDcyNUlQTjZwMWd5Z25haFY3RmJJN3NUR1FkQ2g2dzFqeEZ0WC8vTmRQSGRTaFBHS2ZydXV2Mk0wazdjWTJIZz09AAdwdXJwb3NlAA5lbmNyeXB0ZGVjcnlwdAABAAdhd3Mta21zAEthcm46YXdzOmttczp1cy1lYXN0LTI6NDgxMTE4NDQwNTE2OmtleS9lYzE5ODIyZi1jMzliLTRmNjMtOGQyNS0wNTA3OTEzY2Y0MDkAuAECAQB4PtXKCELCe7YD9RklcSwHVKkLYRoWucYIiJj71aoOI9UBnGWxvHx3OEkLuEfZ61BNowAAAH4wfAYJKoZIhvcNAQcGoG8wbQIBADBoBgkqhkiG9w0BBwEwHgYJYIZIAWUDBAEuMBEEDGnRlQsfjUIlDgsc4gIBEIA7ukge6OgQSqi8mV4KbdJ+0SLkxGZ3ZQomYHbdjCk6S3e68a0ymOdXpCc4kazsvV4ggphcHbCy2D0xSpMCAAAQANGZGjMjKhirqA4ZI78nzHq8mQJR9DzOdi99j/0LZ5U039tLy1fmtWr97gTrQ+Rva/////8AAAABAAAAAAAAAAAAAAABAAAAENEDq4uMqThry23HBe6Ah+UL3rfJf+s5z1oF8m7jCDlYAGcwZQIwXqjRNRssckEqrwIhQqHvKfbsL79RKUbywxHzuEpT58D9MRf/ijarPxiKth6FZfRFAjEA8f8+lFE/nmDRDxal8jEeg9Rjdp8s7S+EAbvco02qN/Tq5V3NNwenObTpe+OkGJlB,AMERICAN_EXPRESS,1651707311155
1651809569889,1652970440950,1652970440950,AgV4QoAvsoQ373RZO3m974clHLIYak71OaolCVamn+5mo9kAeAACABVhd3MtY3J5cHRvLXB1YmxpYy1rZXkAREFzanNCRFlJTHplODVKUlN4dGVWclhsMmxSVG9PVGhTWlc3TXhSTGZjTER2YmdMS0lDWjF0MjZFS0hpYVhFdVUvZz09AAdwdXJwb3NlAA5lbmNyeXB0ZGVjcnlwdAABAAdhd3Mta21zAEthcm46YXdzOmttczp1cy1lYXN0LTI6NDgxMTE4NDQwNTE2OmtleS9lYzE5ODIyZi1jMzliLTRmNjMtOGQyNS0wNTA3OTEzY2Y0MDkAuAECAQB4PtXKCELCe7YD9RklcSwHVKkLYRoWucYIiJj71aoOI9UBLROaXKqeAUjQXhxEG34T1wAAAH4wfAYJKoZIhvcNAQcGoG8wbQIBADBoBgkqhkiG9w0BBwEwHgYJYIZIAWUDBAEuMBEEDKYbLiih6sqxdgtAPgIBEIA7tWCujIzpjYjNo5D6TIP0lOquHHi8Cwp07+lMjgA0Qv7+W0ycY9xAPpfeFEcPg/z73rG13ETsqvO7ZJUCAAAQAKMT/bMqG5bP+fJ9NyLwPueq/NDkuuAaJRHrFx2eFPMh0fCngQxPH5DbK0tqsthOrP////8AAAABAAAAAAAAAAAAAAABAAAAEE9Kkeiwb9qVAlKbWmpHjWpAhve00iSuord/dA4EMlZVAGcwZQIwepw5X1w9m2yolyQATT9VqXV3QGvKvKLtnkSmjcVv3HyXfxkeCcVVuHfiqqypLJiIAjEA6TuyScK+dhdX2RhfnW3nihneW1yT5kOGxg1w7RtS5O1pccieRJalRrdLiA3Pj8lR,MASTERCARD,1651707311155
1651818259941,1652979131002,1652979131002,AgV4ZvxImBi9bU3SYwkXzndBvOWGtoNML6pOiBPL2NKlF38AeAACABVhd3MtY3J5cHRvLXB1YmxpYy1rZXkAREE5Z1RyMTR2b1h0YjVobU85a3ExSGdBSVJWVXVEWktBL01zdlZkeERyNUNBQUJUUTRlR1pvUUsxaTcyaHpNdVUvQT09AAdwdXJwb3NlAA5lbmNyeXB0ZGVjcnlwdAABAAdhd3Mta21zAEthcm46YXdzOmttczp1cy1lYXN0LTI6NDgxMTE4NDQwNTE2OmtleS9lYzE5ODIyZi1jMzliLTRmNjMtOGQyNS0wNTA3OTEzY2Y0MDkAuAECAQB4PtXKCELCe7YD9RklcSwHVKkLYRoWucYIiJj71aoOI9UBGwH+G0VpqJu1al3tDbGHsAAAAH4wfAYJKoZIhvcNAQcGoG8wbQIBADBoBgkqhkiG9w0BBwEwHgYJYIZIAWUDBAEuMBEEDLCTIgfL9s/v0joKAAIBEIA75BWqvMQeXYBseIF2l2k34BO0Hwq8sTtq01pVPw6o+NkoMJoigDsCoINX7WbQM0EQUMp/9l5K9Xkdr7ICAAAQAHXtYWN5EHvGuD+arkwxsmXZOXjBED29M0B6o41KpS2PvkDToDV1BZ2+Nkwpza81Uv////8AAAABAAAAAAAAAAAAAAABAAAAENtXf2i57CzoQEmrwbxSiINazibhzwwKfBHHDhuNCRiuAGcwZQIxALVsUq6LUVnou2kAZBZP8LTRXY3+AuKZmvWyfrp0vOMXq4Jr3HWogjVS9MSE16WiiwIwKPlKkOL5uXgD2otzcysJY/JFRibo01cz32S6x3Jssm77s9ZzfDEegmZXqULB7EVk,AMERICAN_EXPRESS,1651707311155
1651862808922,1653023679983,1653023679983,AgV43frGJHsfTVgtJo1OoAvLwg7V/lzh9v8nSI2UkirZ1fQAeAACABVhd3MtY3J5cHRvLXB1YmxpYy1rZXkAREEvVnhwb1VjaEVXejBmdXhvUUVobG9yRThvWWIydmtOTmJNeTRiNFdWZmFNZzZCckFaWU5JRmpyUHl5TFcxUlBQUT09AAdwdXJwb3NlAA5lbmNyeXB0ZGVjcnlwdAABAAdhd3Mta21zAEthcm46YXdzOmttczp1cy1lYXN0LTI6NDgxMTE4NDQwNTE2OmtleS9lYzE5ODIyZi1jMzliLTRmNjMtOGQyNS0wNTA3OTEzY2Y0MDkAuAECAQB4PtXKCELCe7YD9RklcSwHVKkLYRoWucYIiJj71aoOI9UBUcv9uYHDnErHc+8O2c16SQAAAH4wfAYJKoZIhvcNAQcGoG8wbQIBADBoBgkqhkiG9w0BBwEwHgYJYIZIAWUDBAEuMBEEDE328sx9PpmC+biNXAIBEIA7CJP7JsLQufFIxYF6o9UYsYc8xIYW9KrQX0He6o1CmccwPhKmv/0beEODBeqL6QRZHQFAGVfApro+6cwCAAAQAFnEWgbXMVWlMh/GFAINiIu8omA+tCv+jr88eKmyd2MNp7sIr/YQaICe0ccR2r+G9/////8AAAABAAAAAAAAAAAAAAABAAAAEMxtvVKIvLTf5pfrx07Y3vO4cJWNm72l+arZ1pB6vxm0AGcwZQIxAOpnvztULnb3ZfY7z9dv4YP3df5e/GH+pRh8EM+mk/5BvVc8MPARcEqRnvt+rSgkBwIwY5avHVpUGls7nSlqunBLE8L4qNNJdZHrt1BZd9Ogw1iH50/uuETp70aK61W6vlk4,AMERICAN_EXPRESS,1651707311155
1653681883552,1654842754613,1654842754613,AgV4wucXdWbAOSaEFvJDi8JoCtlC5Uh48yyV4T9FCui9H7kAeAACABVhd3MtY3J5cHRvLXB1YmxpYy1rZXkAREF4UzZya3Fobzc5Yk1hTThCQ3ZNeVdGVUh3QVdNbzBqY3BUL01NSjlDdDlnVGhxNW15WW5RYkRpM1ZQYWZMRWRXQT09AAdwdXJwb3NlAA5lbmNyeXB0ZGVjcnlwdAABAAdhd3Mta21zAEthcm46YXdzOmttczp1cy1lYXN0LTI6NDgxMTE4NDQwNTE2OmtleS9lYzE5ODIyZi1jMzliLTRmNjMtOGQyNS0wNTA3OTEzY2Y0MDkAuAECAQB4PtXKCELCe7YD9RklcSwHVKkLYRoWucYIiJj71aoOI9UBGWLd0t/SAROHeUtlaWKwjgAAAH4wfAYJKoZIhvcNAQcGoG8wbQIBADBoBgkqhkiG9w0BBwEwHgYJYIZIAWUDBAEuMBEEDNoqCaFesu/pkm9K8AIBEIA7AjnUOaCn1eIGllQ3fRKcc9H97IBd+IOYAtIZeWQRFwvnik5bXWLR1SkQ60DBcl9LBC3yYnRVL3JoHdQCAAAQALH0z9BMueesL0dW6FH7nsx0i/VYdEBUYRNyoZrqDKBxGI9GuME+IB9/fZLn0Ud2+v////8AAAABAAAAAAAAAAAAAAABAAAAE/1LFvrnU4LTLbvcZZylfa7PLZ728wSUC2uLHJ34z7zwTCqlAGcwZQIxALlozx2nW4kegi33pk44bQL0oy237wbxIT0NO6Hvxb2nhDWJpDk482GjeL932pdgWQIwUmuDfoOA9hhgXENasHhaimg6fpPMxchlEoZT9CMKjXA8mMH+jCARSZOpDrFIrsHJ,VISA,1651708497870
1653701664845,1654862535906,1654862535906,AgV4Mx2COdL/GsAT4fjC010Mf3sCtQKMBKJCa1mCCoU3vA0AeAACABVhd3MtY3J5cHRvLXB1YmxpYy1rZXkAREF1TjVGa1dZb1UzMVpIOTNWKzJ4U0Z3VEFacVprNEZVUW4vaElnOWxtSU1PeGtCNmMrM09LV3pZZGYwRU9MTk9XUT09AAdwdXJwb3NlAA5lbmNyeXB0ZGVjcnlwdAABAAdhd3Mta21zAEthcm46YXdzOmttczp1cy1lYXN0LTI6NDgxMTE4NDQwNTE2OmtleS9lYzE5ODIyZi1jMzliLTRmNjMtOGQyNS0wNTA3OTEzY2Y0MDkAuAECAQB4PtXKCELCe7YD9RklcSwHVKkLYRoWucYIiJj71aoOI9UBgnMlQWcq5aH49UiEh38LTQAAAH4wfAYJKoZIhvcNAQcGoG8wbQIBADBoBgkqhkiG9w0BBwEwHgYJYIZIAWUDBAEuMBEEDH0xnnqSJBM4ov0N8AIBEIA7Vuc8cZ4womVg9FrCUf77wCOAj5zprBfQx8SCUOuro5rPt8FvjKs1/MEfWa+gsOBIoghM0PpSQxrgaEECAAAQAA6uunpNGyAHEH+aitzzSqxQBK19PlKInOeMhU4k4G5Epv/M5vKKDkS1y/7K18xnMP////8AAAABAAAAAAAAAAAAAAABAAAAEGPRJyoduqUCG/ntyBaKlui7Md1ZcWMTm0Cl0r372sqOAGcwZQIxAIrhZyCOECL0+tg0waOGPMlGbYg4boBuZPawh/ydcnovGGs9m6hY/1nH1kYrjyUJ2wIwDNcJ7+eE0H4Op/NxX4MwJT8qtDpE3IemKbDHDefuhVjUGovkuJEhSJgq3Cs7Ha3L,VISA,1653701488735
