id,first_name,last_name,place,email,gender,age,organization
669,Claudio,Yukhov,Brussels,cyukhovik@hc360.com,Female,59,Mylan Specialty
670,Luca,Renton,Wallonia,lrentonil@paypal.com,Female,55,Mylan Specialty
671,Kaia,Kitley,Flanders,kkitleyim@chronoengine.com,Male,31,Mylan Specialty
672,Claretta,Sher,Brussels,csherin@usnews.com,Female,65,Mylan Specialty
673,Beulah,Bubbear,Flanders,bbubbeario@g.co,Male,73,Mylan Specialty
674,Horst,Rigglesford,Brussels,hrigglesfordip@hubpages.com,Male,33,Mylan Specialty
675,Duky,Dwire,Wallonia,ddwireiq@redcross.org,Male,67,Mylan Specialty
676,Beryl,Klaaassen,Brussels,bklaaassenir@desdev.cn,Male,50,Mylan Specialty
677,Jackie,Brealey,Wallonia,jbrealeyis@ucoz.com,Female,73,Mylan Specialty
678,Beilul,Cosgrave,Flanders,bcosgraveit@accuweather.com,Female,53,Mylan Specialty
679,Dorena,Akram,Brussels,dakramiu@fda.gov,Female,32,Mylan Specialty
680,Burgess,Remer,Wallonia,bremeriv@apache.org,Male,71,Mylan Specialty
681,Anne,Smethurst,Brussels,asmethurstiw@addtoany.com,Male,34,Mylan Specialty
682,Nickolas,Da Costa,Brussels,ndacostaix@domainmarket.com,Female,34,Mylan Specialty
683,Darsie,Huggard,Flanders,dhuggardiy@dailymail.co.uk,Female,34,Mylan Specialty
684,Leela,Bentje,Wallonia,lbentjeiz@furl.net,Male,59,Mylan Specialty
685,Bradford,McGriffin,Brussels,bmcgriffinj0@dropbox.com,Male,30,Mylan Specialty
686,Gail,Housecraft,Brussels,ghousecraftj1@webs.com,Female,32,Mylan Specialty
687,Carley,Ziemen,Flanders,cziemenj2@europa.eu,Female,39,Mylan Specialty
688,Faun,Toombes,Wallonia,ftoombesj3@columbia.edu,Female,31,Mylan Specialty
689,Mareah,Harradine,Wallonia,mharradinej4@ted.com,Female,57,Mylan Specialty
690,Billy,Charity,Brussels,bcharityj5@discovery.com,Male,52,Mylan Specialty
691,Brittany,Arrow,Brussels,barrowj6@who.int,Male,68,Mylan Specialty
692,Ramona,Vlasin,Flanders,rvlasinj7@nymag.com,Male,48,Mylan Specialty
693,Ninnetta,Hailey,Flanders,nhaileyj8@netscape.com,Male,72,Mylan Specialty
694,Sherill,Dilon,Flanders,sdilonj9@geocities.com,Female,68,Mylan Specialty
695,Isaiah,Insall,Brussels,iinsallja@about.com,Male,52,Mylan Specialty
696,Kellie,Simmance,Brussels,ksimmancejb@last.fm,Male,41,Mylan Specialty
697,Yurik,Rosenfrucht,Flanders,yrosenfruchtjc@mlb.com,Female,46,Mylan Specialty
698,Ursala,Phelp,Brussels,uphelpjd@wisc.edu,Female,63,Mylan Specialty
699,Pepita,Blampied,Brussels,pblampiedje@google.cn,Male,33,Mylan Specialty
700,Mohandis,Cardon,Flanders,mcardonjf@unicef.org,Female,67,Mylan Specialty
701,Claribel,Grieves,Brussels,cgrievesjg@hugedomains.com,Female,72,Mylan Specialty
702,Jermaine,Kitchenman,Wallonia,jkitchenmanjh@nba.com,Male,66,Mylan Specialty
703,Nicolle,Thoresby,Brussels,nthoresbyji@ucoz.com,Female,65,Mylan Specialty
704,Lou,Sibery,Flanders,lsiberyjj@china.com.cn,Female,75,Mylan Specialty
705,Sari,Bickerstasse,Brussels,sbickerstassejk@myspace.com,Female,39,Mylan Specialty
706,Coriss,Laroze,Brussels,clarozejl@cnet.com,Female,51,Mylan Specialty
707,Felisha,Cardenoza,Flanders,fcardenozajm@boston.com,Female,64,Mylan Specialty
708,Selina,McIlwraith,Wallonia,smcilwraithjn@wired.com,Male,61,Mylan Specialty
709,Emelen,Dinnage,Brussels,edinnagejo@cnbc.com,Female,55,Mylan Specialty
710,Shirl,Klich,Wallonia,sklichjp@chicagotribune.com,Male,57,Mylan Specialty
711,Alina,McGaw,Flanders,amcgawjq@upenn.edu,Female,55,Mylan Specialty
712,Reinaldos,Varley,Flanders,rvarleyjr@answers.com,Female,71,Mylan Specialty
713,Violante,Tutton,Flanders,vtuttonjs@t.co,Female,33,Mylan Specialty
714,Kimberlyn,McCluin,Flanders,kmccluinjt@a8.net,Male,63,Mylan Specialty
715,Thorin,Anetts,Flanders,tanettsju@bandcamp.com,Male,66,Mylan Specialty
716,Ephraim,De Bruijn,Flanders,edebruijnjv@wired.com,Male,33,Mylan Specialty
717,Winona,Heminsley,Brussels,wheminsleyjw@gizmodo.com,Female,37,Mylan Specialty
718,Lila,Prisk,Brussels,lpriskjx@geocities.jp,Male,52,Mylan Specialty
719,Chester,Klass,Brussels,cklassjy@networkadvertising.org,Male,53,Mylan Specialty
720,Stafford,Quan,Wallonia,squanjz@istockphoto.com,Male,65,Mylan Specialty
721,Alvie,Sandbrook,Flanders,asandbrookk0@printfriendly.com,Female,36,Mylan Specialty
722,Avie,Auchinleck,Brussels,aauchinleckk1@desdev.cn,Female,47,Mylan Specialty
723,Wilhelm,Dyball,Brussels,wdyballk2@netvibes.com,Male,71,Mylan Specialty
724,Mattheus,Cobelli,Flanders,mcobellik3@ameblo.jp,Female,63,Mylan Specialty
725,Elyse,Jamblin,Brussels,ejamblink4@elpais.com,Female,44,Mylan Specialty
726,Brandea,Ramalhete,Brussels,bramalhetek5@topsy.com,Female,44,Mylan Specialty
727,Ignaz,McGinnell,Flanders,imcginnellk6@google.com.br,Male,42,Mylan Specialty
728,Jonis,Andreopolos,Flanders,jandreopolosk7@com.com,Male,40,Mylan Specialty
729,Beauregard,Dictus,Brussels,bdictusk8@youtu.be,Male,52,Mylan Specialty
730,Carlene,Dudgeon,Brussels,cdudgeonk9@php.net,Male,43,Mylan Specialty
731,Devland,Tinn,Wallonia,dtinnka@home.pl,Male,51,Mylan Specialty
732,Loralee,Hubane,Flanders,lhubanekb@meetup.com,Male,49,Mylan Specialty
733,Lynnette,Arrigucci,Flanders,larriguccikc@google.com.hk,Female,67,Mylan Specialty
734,Averil,Lodeke,Brussels,alodekekd@freewebs.com,Female,40,Mylan Specialty
735,Brett,Nelligan,Flanders,bnelliganke@webeden.co.uk,Male,60,Mylan Specialty
736,Perrine,Wagerfield,Brussels,pwagerfieldkf@google.it,Male,59,Mylan Specialty
737,Ingmar,Cattenach,Flanders,icattenachkg@photobucket.com,Female,71,Mylan Specialty
738,Yance,Belliard,Flanders,ybelliardkh@auda.org.au,Male,75,Mylan Specialty
739,Wilmette,Tomasi,Flanders,wtomasiki@europa.eu,Female,70,Mylan Specialty
740,Virginie,Lequeux,Flanders,vlequeuxkj@bravesites.com,Female,74,Mylan Specialty
741,Britteny,Ravel,Brussels,bravelkk@storify.com,Female,71,Mylan Specialty
742,Rolland,Chapman,Wallonia,rchapmankl@vimeo.com,Male,63,Mylan Specialty
743,Clarance,Remnant,Wallonia,cremnantkm@newsvine.com,Male,37,Mylan Specialty
744,Allina,Choak,Flanders,achoakkn@fc2.com,Male,74,Mylan Specialty
745,Sandy,Jarrel,Flanders,sjarrelko@amazonaws.com,Female,64,Mylan Specialty
746,Pasquale,Lewin,Brussels,plewinkp@tripadvisor.com,Female,32,Mylan Specialty
747,Trixie,Bebb,Brussels,tbebbkq@home.pl,Female,30,Mylan Specialty
748,Olva,Stannett,Brussels,ostannettkr@wikia.com,Female,44,Mylan Specialty
749,Mohandis,Kingzet,Wallonia,mkingzetks@earthlink.net,Female,36,Mylan Specialty
750,Adela,Prier,Brussels,aprierkt@cloudflare.com,Female,61,Mylan Specialty
751,Broddy,Trustey,Flanders,btrusteyku@shareasale.com,Male,41,Mylan Specialty
752,Elbert,O'Reilly,Brussels,eoreillykv@acquirethisname.com,Male,44,Mylan Specialty
753,Jacinta,Tweed,Brussels,jtweedkw@weather.com,Female,71,Mylan Specialty
754,Avigdor,Conen,Wallonia,aconenkx@opensource.org,Female,55,Mylan Specialty
755,Thorsten,O'Lehane,Flanders,tolehaneky@upenn.edu,Male,58,Mylan Specialty
756,Bevin,Biaggioni,Brussels,bbiaggionikz@bluehost.com,Female,71,Mylan Specialty
757,Happy,Tringham,Flanders,htringhaml0@google.co.uk,Male,44,Mylan Specialty
758,Win,Staries,Wallonia,wstariesl1@twitter.com,Female,54,Mylan Specialty
759,Derrik,Levermore,Brussels,dlevermorel2@tumblr.com,Male,65,Mylan Specialty
760,Howard,Stainson,Flanders,hstainsonl3@earthlink.net,Male,70,Mylan Specialty
761,Deedee,Baugham,Brussels,dbaughaml4@prlog.org,Male,33,Mylan Specialty
762,Vallie,Bilam,Flanders,vbilaml5@nydailynews.com,Female,72,Mylan Specialty
763,Tedi,Atkins,Flanders,tatkinsl6@indiegogo.com,Male,64,Mylan Specialty
764,Cecilla,McGinty,Flanders,cmcgintyl7@reuters.com,Male,50,Mylan Specialty
765,Hermia,Britton,Flanders,hbrittonl8@nationalgeographic.com,Male,31,Mylan Specialty
766,Kin,Treamayne,Flanders,ktreamaynel9@cyberchimps.com,Female,38,Mylan Specialty
767,Lucio,Haucke,Brussels,lhauckela@nih.gov,Female,36,Mylan Specialty
768,Vivyan,Caldron,Flanders,vcaldronlb@sitemeter.com,Female,48,Mylan Specialty
769,Emmye,Reville,Wallonia,erevillelc@i2i.jp,Male,59,Mylan Specialty
770,Hilarius,Jurgensen,Flanders,hjurgensenld@live.com,Female,45,Mylan Specialty
771,Frederich,Haack,Flanders,fhaackle@uol.com.br,Female,66,Mylan Specialty
772,Vanni,Lies,Brussels,vlieslf@prnewswire.com,Female,55,Mylan Specialty
773,Fanechka,Luigi,Wallonia,fluigilg@comsenz.com,Male,36,Mylan Specialty
774,Valentin,Vinick,Brussels,vvinicklh@purevolume.com,Female,52,Mylan Specialty
775,Vilhelmina,Scapens,Brussels,vscapensli@soup.io,Female,61,Mylan Specialty
776,Beatrisa,Yakovliv,Flanders,byakovlivlj@list-manage.com,Male,43,Mylan Specialty
777,Seana,Govett,Wallonia,sgovettlk@51.la,Male,64,Mylan Specialty
778,Helsa,Layborn,Wallonia,hlaybornll@amazon.com,Male,50,Mylan Specialty
779,Montague,Endrici,Brussels,mendricilm@imdb.com,Male,59,Mylan Specialty
780,Sunshine,Dowyer,Flanders,sdowyerln@surveymonkey.com,Female,39,Mylan Specialty
781,Conni,Baurerich,Flanders,cbaurerichlo@delicious.com,Male,46,Mylan Specialty
782,Priscilla,Blaske,Wallonia,pblaskelp@china.com.cn,Female,46,Mylan Specialty
783,Luella,Dalgardno,Flanders,ldalgardnolq@blogger.com,Male,30,Mylan Specialty
784,Rhody,Demageard,Wallonia,rdemageardlr@huffingtonpost.com,Male,72,Mylan Specialty
785,Dyann,Noddles,Brussels,dnoddlesls@techcrunch.com,Female,56,Mylan Specialty
786,Gussie,Forkan,Brussels,gforkanlt@apache.org,Male,67,Mylan Specialty
787,Jolie,Steggles,Flanders,jsteggleslu@constantcontact.com,Female,54,Mylan Specialty
788,Alonso,Woodsford,Flanders,awoodsfordlv@fotki.com,Male,43,Mylan Specialty
789,Alys,Goudman,Flanders,agoudmanlw@state.gov,Male,33,Mylan Specialty
790,Sibbie,Balcock,Brussels,sbalcocklx@macromedia.com,Male,36,Mylan Specialty
791,Meaghan,Kindleysides,Wallonia,mkindleysidesly@amazon.de,Male,42,Mylan Specialty
792,Adelbert,Keach,Wallonia,akeachlz@surveymonkey.com,Female,41,Mylan Specialty
793,Basilius,Fothergill,Wallonia,bfothergillm0@myspace.com,Male,51,Mylan Specialty
794,Meriel,Gerssam,Brussels,mgerssamm1@pbs.org,Male,49,Mylan Specialty
795,Lamond,Mattiato,Flanders,lmattiatom2@qq.com,Female,42,Mylan Specialty
796,Klarrisa,Millican,Brussels,kmillicanm3@vinaora.com,Female,75,Mylan Specialty
797,Jennie,Staresmeare,Flanders,jstaresmearem4@wufoo.com,Female,46,Mylan Specialty
798,Nance,Milstead,Flanders,nmilsteadm5@huffingtonpost.com,Male,48,Mylan Specialty
799,Belvia,Margett,Flanders,bmargettm6@usatoday.com,Female,34,Mylan Specialty
800,Lolly,Noice,Flanders,lnoicem7@salon.com,Female,68,Mylan Specialty
801,Sallie,Luckham,Brussels,sluckhamm8@com.com,Male,42,Mylan Specialty
802,Aloisia,Ligertwood,Brussels,aligertwoodm9@archive.org,Male,39,Mylan Specialty
803,Grata,Lakeman,Flanders,glakemanma@whitehouse.gov,Male,52,Mylan Specialty
804,Lidia,Reedie,Wallonia,lreediemb@bloomberg.com,Male,30,Mylan Specialty
805,Bronny,Jellyman,Brussels,bjellymanmc@bizjournals.com,Male,68,Mylan Specialty
806,Gustav,Forge,Brussels,gforgemd@microsoft.com,Female,66,Mylan Specialty
807,Albie,Stenett,Brussels,astenettme@stumbleupon.com,Male,31,Mylan Specialty
808,Adore,Allderidge,Flanders,aallderidgemf@stanford.edu,Female,61,Mylan Specialty
809,Bay,Risborough,Brussels,brisboroughmg@biblegateway.com,Female,53,Mylan Specialty
810,Juliet,Ravenhill,Wallonia,jravenhillmh@mashable.com,Male,66,Mylan Specialty
811,Jillayne,Mum,Flanders,jmummi@ebay.com,Female,46,Mylan Specialty
812,Shepherd,Gudd,Wallonia,sguddmj@webnode.com,Female,50,Mylan Specialty
813,Kinsley,Bossons,Brussels,kbossonsmk@etsy.com,Female,67,Mylan Specialty
814,Erina,Bundey,Brussels,ebundeyml@tuttocitta.it,Male,34,Mylan Specialty
815,Larine,Valett,Wallonia,lvalettmm@chron.com,Male,36,Mylan Specialty
816,Brooks,Vivers,Flanders,bviversmn@ezinearticles.com,Female,37,Mylan Specialty
817,Ahmad,Rawll,Brussels,arawllmo@marketwatch.com,Male,66,Mylan Specialty
818,Portie,Romao,Wallonia,promaomp@hp.com,Male,52,Mylan Specialty
819,Giovanni,Bragger,Brussels,gbraggermq@hao123.com,Male,68,Mylan Specialty
820,Parry,Grew,Brussels,pgrewmr@naver.com,Male,32,Mylan Specialty
821,Hanan,Fothergill,Wallonia,hfothergillms@soundcloud.com,Female,69,Mylan Specialty
822,Hercules,Pittle,Flanders,hpittlemt@last.fm,Male,57,Mylan Specialty
823,Petrina,Teasdale,Brussels,pteasdalemu@livejournal.com,Female,40,Mylan Specialty
824,Leonhard,Sibyllina,Brussels,lsibyllinamv@netlog.com,Male,66,Mylan Specialty
825,Braden,Astlatt,Brussels,bastlattmw@google.de,Female,45,Mylan Specialty
826,Godwin,Hellin,Flanders,ghellinmx@google.co.uk,Male,56,Mylan Specialty
827,Tania,Dienes,Brussels,tdienesmy@paypal.com,Female,71,Mylan Specialty
828,Clemmy,L'Archer,Flanders,clarchermz@statcounter.com,Male,55,Mylan Specialty
829,Gratia,Burton,Flanders,gburtonn0@ezinearticles.com,Male,30,Mylan Specialty
830,Arel,Kermott,Flanders,akermottn1@patch.com,Female,46,Mylan Specialty
831,Wynne,Josland,Brussels,wjoslandn2@washingtonpost.com,Female,41,Mylan Specialty
832,Shelby,Henricsson,Wallonia,shenricssonn3@sun.com,Female,46,Mylan Specialty
833,Nelia,Jansie,Wallonia,njansien4@census.gov,Female,75,Mylan Specialty
834,Blondy,Baylay,Brussels,bbaylayn5@cbslocal.com,Female,74,Mylan Specialty
835,Lotti,Blayd,Flanders,lblaydn6@xrea.com,Male,49,Mylan Specialty
836,Dane,Libermore,Flanders,dlibermoren7@google.pl,Male,39,Mylan Specialty
837,Lothaire,Rentilll,Wallonia,lrentillln8@mashable.com,Female,64,Mylan Specialty
838,Gib,Gradon,Flanders,ggradonn9@theatlantic.com,Male,47,Mylan Specialty
839,Jehu,Twigger,Flanders,jtwiggerna@mac.com,Female,34,Mylan Specialty
840,Florella,Pallent,Brussels,fpallentnb@bizjournals.com,Female,65,Mylan Specialty
841,Daffy,Dellenbrook,Wallonia,ddellenbrooknc@wikimedia.org,Female,60,Mylan Specialty
842,Murray,Newport,Flanders,mnewportnd@is.gd,Female,50,Mylan Specialty
843,Lexie,Dainter,Brussels,ldainterne@google.fr,Female,45,Mylan Specialty
844,Vivyanne,Wrathmell,Wallonia,vwrathmellnf@comcast.net,Male,68,Mylan Specialty
845,Esther,Southworth,Wallonia,esouthworthng@yale.edu,Female,42,Mylan Specialty
846,Lane,Kumaar,Flanders,lkumaarnh@scientificamerican.com,Female,38,Mylan Specialty
847,Jory,Fraser,Wallonia,jfraserni@geocities.com,Female,41,Mylan Specialty
848,Ali,Grimsdike,Brussels,agrimsdikenj@loc.gov,Male,55,Mylan Specialty
849,Van,Swinerd,Brussels,vswinerdnk@comcast.net,Female,39,Mylan Specialty
850,Daffy,Salliss,Wallonia,dsallissnl@shareasale.com,Male,37,Mylan Specialty
851,Correna,Leftridge,Wallonia,cleftridgenm@last.fm,Male,39,Mylan Specialty
852,Tedmund,Kalberer,Wallonia,tkalberernn@lulu.com,Male,59,Mylan Specialty
853,Reube,Pettett,Wallonia,rpettettno@usa.gov,Female,73,Mylan Specialty
854,Cahra,Strond,Flanders,cstrondnp@jalbum.net,Female,37,Mylan Specialty
855,Averil,Medford,Flanders,amedfordnq@lulu.com,Male,68,Mylan Specialty
856,Peterus,Knock,Flanders,pknocknr@about.com,Male,60,Mylan Specialty
857,Nikoletta,Clulow,Wallonia,nclulowns@flickr.com,Male,63,Mylan Specialty
858,Crysta,Crooks,Wallonia,ccrooksnt@multiply.com,Female,34,Mylan Specialty
859,Corene,Gillmor,Brussels,cgillmornu@altervista.org,Male,30,Mylan Specialty
860,Kimberly,Tellenbach,Brussels,ktellenbachnv@wordpress.org,Male,37,Mylan Specialty
861,Norry,Pomfret,Brussels,npomfretnw@uiuc.edu,Female,32,Mylan Specialty
862,Trixi,Deave,Brussels,tdeavenx@tuttocitta.it,Male,50,Mylan Specialty
863,Bentlee,Crennan,Wallonia,bcrennanny@instagram.com,Female,61,Mylan Specialty
864,Diannne,Gubbin,Wallonia,dgubbinnz@jigsy.com,Male,42,Mylan Specialty
865,Talia,Whitwell,Flanders,twhitwello0@yale.edu,Female,70,Mylan Specialty
866,Erek,Brodley,Wallonia,ebrodleyo1@geocities.jp,Female,68,Mylan Specialty
867,Harriett,Askey,Flanders,haskeyo2@cyberchimps.com,Male,58,Mylan Specialty
868,Northrup,Bain,Wallonia,nbaino3@ebay.co.uk,Female,34,Mylan Specialty
869,Lynett,Alexis,Brussels,lalexiso4@jiathis.com,Female,63,Mylan Specialty
870,Mindy,O'Hederscoll,Wallonia,mohederscollo5@deliciousdays.com,Female,61,Mylan Specialty
871,Carmita,Allicock,Brussels,callicocko6@comsenz.com,Female,35,Mylan Specialty
872,Martica,Galero,Wallonia,mgaleroo7@desdev.cn,Female,73,Mylan Specialty
873,Pollyanna,Durning,Flanders,pdurningo8@nydailynews.com,Female,47,Mylan Specialty
874,Gus,Pallatina,Flanders,gpallatinao9@arizona.edu,Male,46,Mylan Specialty
875,Irwin,Fetters,Flanders,ifettersoa@elegantthemes.com,Male,45,Mylan Specialty
876,Sarena,Stanley,Flanders,sstanleyob@bigcartel.com,Female,46,Mylan Specialty
877,Eimile,Russel,Brussels,erusseloc@goo.ne.jp,Female,36,Mylan Specialty
878,Joyous,Rosensaft,Brussels,jrosensaftod@sphinn.com,Female,57,Mylan Specialty
879,Diego,Gethings,Brussels,dgethingsoe@shareasale.com,Female,50,Mylan Specialty
880,Ward,Mannering,Brussels,wmanneringof@sina.com.cn,Male,70,Mylan Specialty
881,Ignacius,Bolderson,Brussels,iboldersonog@hhs.gov,Male,33,Mylan Specialty
882,Malia,Cragell,Brussels,mcragelloh@java.com,Male,57,Mylan Specialty
883,Joeann,Cobbin,Wallonia,jcobbinoi@acquirethisname.com,Male,57,Mylan Specialty
884,Selena,Sitlinton,Flanders,ssitlintonoj@microsoft.com,Female,74,Mylan Specialty
885,Chandal,Totterdell,Flanders,ctotterdellok@t.co,Male,72,Mylan Specialty
886,Johnna,Hurley,Wallonia,jhurleyol@economist.com,Female,72,Mylan Specialty
887,Wat,Keningley,Brussels,wkeningleyom@nba.com,Male,46,Mylan Specialty
888,Roby,Hainey`,Brussels,rhaineyon@hc360.com,Female,30,Mylan Specialty
889,Hyacinthia,Fehners,Wallonia,hfehnersoo@pagesperso-orange.fr,Male,61,Mylan Specialty
890,Kippy,Craigg,Brussels,kcraiggop@com.com,Female,69,Mylan Specialty
891,Dayna,Pulman,Wallonia,dpulmanoq@dot.gov,Female,33,Mylan Specialty
892,Cobbie,Kelleher,Flanders,ckelleheror@usnews.com,Female,47,Mylan Specialty
893,Shani,Rawle,Brussels,srawleos@marketwatch.com,Female,49,Mylan Specialty
894,Nettle,Semper,Brussels,nsemperot@nbcnews.com,Female,66,Mylan Specialty
895,Zachery,Andreone,Flanders,zandreoneou@simplemachines.org,Female,68,Mylan Specialty
896,Toddie,Flitcroft,Brussels,tflitcroftov@latimes.com,Male,55,Mylan Specialty
897,Wallache,Balden,Brussels,wbaldenow@europa.eu,Male,64,Mylan Specialty
898,Ceil,Amis,Brussels,camisox@php.net,Male,46,Mylan Specialty
899,Virge,Silley,Brussels,vsilleyoy@scribd.com,Male,59,Mylan Specialty
900,Hersh,Wescott,Flanders,hwescottoz@army.mil,Female,69,Mylan Specialty
901,Morgen,Caney,Brussels,mcaneyp0@acquirethisname.com,Female,62,Mylan Specialty
902,Roarke,Bolwell,Flanders,rbolwellp1@vkontakte.ru,Female,47,Mylan Specialty
903,Jocko,Brooks,Brussels,jbrooksp2@devhub.com,Female,51,Mylan Specialty
904,Roseanne,Jirus,Wallonia,rjirusp3@sohu.com,Male,68,Mylan Specialty
905,Kipper,Clere,Wallonia,kclerep4@netvibes.com,Female,32,Mylan Specialty
906,Krista,Chadd,Wallonia,kchaddp5@sina.com.cn,Female,43,Mylan Specialty
907,Diego,Nursey,Brussels,dnurseyp6@redcross.org,Female,37,Mylan Specialty
908,Stinky,Beric,Wallonia,sbericp7@delicious.com,Male,73,Mylan Specialty
909,Beaufort,Falkous,Wallonia,bfalkousp8@nyu.edu,Male,74,Mylan Specialty
910,Jocelin,Symington,Wallonia,jsymingtonp9@squidoo.com,Female,31,Mylan Specialty
911,Cthrine,Poon,Brussels,cpoonpa@unesco.org,Male,32,Mylan Specialty
912,Therese,Durden,Wallonia,tdurdenpb@dot.gov,Male,48,Mylan Specialty
913,Michaella,Dafforne,Flanders,mdaffornepc@cdbaby.com,Female,56,Mylan Specialty
914,Gusty,Grimstead,Wallonia,ggrimsteadpd@github.io,Female,41,Mylan Specialty
915,Gabbey,Vogl,Flanders,gvoglpe@walmart.com,Female,45,Mylan Specialty
916,Salaidh,Blumer,Wallonia,sblumerpf@delicious.com,Female,30,Mylan Specialty
917,Jarret,Officer,Wallonia,jofficerpg@instagram.com,Female,47,Mylan Specialty
918,Percy,Taylerson,Flanders,ptaylersonph@google.com.au,Female,48,Mylan Specialty
919,Scottie,Fortnam,Wallonia,sfortnampi@theglobeandmail.com,Male,73,Mylan Specialty
920,Hetty,Lawday,Wallonia,hlawdaypj@usnews.com,Male,41,Mylan Specialty
921,Pete,Boumphrey,Wallonia,pboumphreypk@delicious.com,Female,56,Mylan Specialty
922,Dewain,St. Quintin,Wallonia,dstquintinpl@springer.com,Male,55,Mylan Specialty
923,Jaine,Deverale,Brussels,jdeveralepm@google.de,Female,30,Mylan Specialty
924,Parsifal,Longthorn,Wallonia,plongthornpn@delicious.com,Male,37,Mylan Specialty
925,Kip,Fowell,Wallonia,kfowellpo@icq.com,Female,69,Mylan Specialty
926,Marisa,Eldershaw,Wallonia,meldershawpp@t.co,Female,73,Mylan Specialty
927,Charmane,Dalmon,Brussels,cdalmonpq@clickbank.net,Male,62,Mylan Specialty
928,Simonne,Itzakovitz,Brussels,sitzakovitzpr@cmu.edu,Female,69,Mylan Specialty
929,Alyson,McConigal,Wallonia,amcconigalps@ebay.co.uk,Female,33,Mylan Specialty
930,Katine,Driscoll,Wallonia,kdriscollpt@csmonitor.com,Female,61,Mylan Specialty
931,Rosemary,Aronowicz,Wallonia,raronowiczpu@1688.com,Female,74,Mylan Specialty
932,Franky,Clackson,Wallonia,fclacksonpv@bbc.co.uk,Female,48,Mylan Specialty
933,Feliks,Danbi,Wallonia,fdanbipw@acquirethisname.com,Male,56,Mylan Specialty
934,Adriena,Perree,Brussels,aperreepx@comsenz.com,Female,34,Mylan Specialty
935,Yvette,Hawket,Wallonia,yhawketpy@linkedin.com,Male,33,Mylan Specialty
936,Gillan,Dullingham,Wallonia,gdullinghampz@artisteer.com,Male,75,Mylan Specialty
937,Tomi,Healy,Flanders,thealyq0@cdbaby.com,Female,48,Mylan Specialty
938,Cody,Bloodworth,Flanders,cbloodworthq1@pagesperso-orange.fr,Male,43,Mylan Specialty
939,Gregory,Rochewell,Wallonia,grochewellq2@csmonitor.com,Male,48,Mylan Specialty
940,Dita,Margrem,Flanders,dmargremq3@blinklist.com,Male,70,Mylan Specialty
941,Darrin,Thorburn,Flanders,dthorburnq4@feedburner.com,Female,75,Mylan Specialty
942,Letty,Farman,Wallonia,lfarmanq5@netlog.com,Female,65,Mylan Specialty
943,Pancho,Perrelli,Brussels,pperrelliq6@stanford.edu,Female,51,Mylan Specialty
944,Xenos,Bignold,Wallonia,xbignoldq7@shareasale.com,Male,55,Mylan Specialty
945,Rockie,Daingerfield,Flanders,rdaingerfieldq8@tamu.edu,Male,36,Mylan Specialty
946,Norry,Poller,Brussels,npollerq9@newyorker.com,Female,73,Mylan Specialty
947,Delly,Piatto,Wallonia,dpiattoqa@pen.io,Male,57,Mylan Specialty
948,Lavinie,Bengall,Wallonia,lbengallqb@state.gov,Male,47,Mylan Specialty
949,Chelsae,Ridler,Wallonia,cridlerqc@dedecms.com,Female,62,Mylan Specialty
950,Chantalle,Hurdwell,Flanders,churdwellqd@phoca.cz,Female,41,Mylan Specialty
951,Ossie,Wintle,Wallonia,owintleqe@ezinearticles.com,Male,56,Mylan Specialty
952,Dee dee,Sandhill,Flanders,dsandhillqf@sun.com,Male,55,Mylan Specialty
953,Crissy,Chattock,Flanders,cchattockqg@irs.gov,Male,48,Mylan Specialty
954,Kippie,Pritchett,Brussels,kpritchettqh@topsy.com,Male,39,Mylan Specialty
955,Coriss,Barham,Flanders,cbarhamqi@forbes.com,Male,39,Mylan Specialty
956,Lucie,Soltan,Wallonia,lsoltanqj@loc.gov,Female,58,Mylan Specialty
957,Arabela,Kinloch,Brussels,akinlochqk@csmonitor.com,Male,73,Mylan Specialty
958,Eli,O'Kennavain,Flanders,eokennavainql@friendfeed.com,Male,61,Mylan Specialty
959,Udall,Broschke,Flanders,ubroschkeqm@xing.com,Male,36,Mylan Specialty
960,Denis,Fogarty,Wallonia,dfogartyqn@msn.com,Male,33,Mylan Specialty
961,Husain,Huffey,Flanders,hhuffeyqo@last.fm,Male,56,Mylan Specialty
962,Issi,Grancher,Flanders,igrancherqp@free.fr,Female,48,Mylan Specialty
963,Dorita,Haggata,Wallonia,dhaggataqq@latimes.com,Female,48,Mylan Specialty
964,Salomon,Speirs,Wallonia,sspeirsqr@wordpress.com,Female,30,Mylan Specialty
965,Thornie,Mackelworth,Flanders,tmackelworthqs@oakley.com,Female,42,Mylan Specialty
966,Tansy,Blindmann,Flanders,tblindmannqt@nbcnews.com,Male,72,Mylan Specialty
967,Melisent,Aronov,Wallonia,maronovqu@people.com.cn,Female,55,Mylan Specialty
968,Jamie,Meader,Wallonia,jmeaderqv@g.co,Male,31,Mylan Specialty
969,Dalt,Ellcock,Brussels,dellcockqw@cmu.edu,Female,62,Mylan Specialty
970,Lucho,Borlease,Wallonia,lborleaseqx@slashdot.org,Female,42,Mylan Specialty
971,See,Bachs,Brussels,sbachsqy@wikia.com,Female,67,Mylan Specialty
972,Elayne,Brogiotti,Wallonia,ebrogiottiqz@state.tx.us,Male,52,Mylan Specialty
973,Bernardo,Dominguez,Wallonia,bdominguezr0@youtu.be,Male,70,Mylan Specialty
974,Monah,Enticott,Brussels,menticottr1@geocities.jp,Male,30,Mylan Specialty
975,Hagan,Chern,Wallonia,hchernr2@howstuffworks.com,Female,70,Mylan Specialty
976,Odelle,Bluett,Wallonia,obluettr3@bloglines.com,Male,35,Mylan Specialty
977,Kira,McIlvenna,Wallonia,kmcilvennar4@amazonaws.com,Female,72,Mylan Specialty
978,Katrina,Cripwell,Brussels,kcripwellr5@opera.com,Female,52,Mylan Specialty
979,Hetti,Flanne,Flanders,hflanner6@gravatar.com,Female,30,Mylan Specialty
980,Sydney,Aubert,Wallonia,saubertr7@instagram.com,Male,33,Mylan Specialty
981,Vito,Abbys,Brussels,vabbysr8@mail.ru,Female,45,Mylan Specialty
982,Ruy,Rossant,Flanders,rrossantr9@google.nl,Female,62,Mylan Specialty
983,Joseito,Chasmoor,Brussels,jchasmoorra@printfriendly.com,Male,65,Mylan Specialty
984,Alfonse,Christoffersen,Flanders,achristoffersenrb@dailymail.co.uk,Male,70,Mylan Specialty
985,Silva,Muckeen,Wallonia,smuckeenrc@infoseek.co.jp,Female,73,Mylan Specialty
986,Harmonie,De Coursey,Flanders,hdecourseyrd@cnbc.com,Female,72,Mylan Specialty
987,Jess,Tremonte,Wallonia,jtremontere@state.gov,Female,64,Mylan Specialty
988,Fianna,Andersson,Wallonia,fanderssonrf@github.io,Male,49,Mylan Specialty
989,Pam,Gorrie,Wallonia,pgorrierg@nymag.com,Male,59,Mylan Specialty
990,Guillaume,Shurrock,Flanders,gshurrockrh@yandex.ru,Female,60,Mylan Specialty
991,Ermengarde,Coyish,Brussels,ecoyishri@naver.com,Male,71,Mylan Specialty
992,Hilde,Saltman,Wallonia,hsaltmanrj@blogs.com,Female,68,Mylan Specialty
993,Magdalen,Geistmann,Brussels,mgeistmannrk@people.com.cn,Male,52,Mylan Specialty
994,Aura,Gillings,Flanders,agillingsrl@chicagotribune.com,Female,74,Mylan Specialty
995,Eldredge,Yakovitch,Flanders,eyakovitchrm@csmonitor.com,Female,52,Mylan Specialty
996,Lurette,Rattray,Flanders,lrattrayrn@nydailynews.com,Male,59,Mylan Specialty
997,Lindsay,Fudger,Wallonia,lfudgerro@jigsy.com,Male,49,Mylan Specialty
998,Doralia,Fairbanks,Wallonia,dfairbanksrp@dedecms.com,Female,51,Mylan Specialty
999,Dukey,McGuigan,Flanders,dmcguiganrq@twitpic.com,Male,71,Mylan Specialty
1000,Cosetta,McSweeney,Wallonia,cmcsweeneyrr@ezinearticles.com,Female,59,Mylan Specialty
